{"cameraMode":{"drawMode":0,"name":"Shaded","section":"Shading Mode"},"sceneLighting":true,"audioPlay":false,"sceneViewState":{"m_AlwaysRefresh":false,"showFog":true,"showSkybox":true,"showFlares":true,"showImageEffects":true,"showParticleSystems":true,"showVisualEffectGraphs":true,"m_FxEnabled":true},"in2DMode":false,"pivot":{"x":49.81620407104492,"y":-24.558338165283204,"z":4.091731071472168},"rotation":{"x":0.3054647147655487,"y":-0.020279858261346818,"z":0.006508361082524061,"w":0.9519693851470947},"size":49.3675537109375,"orthographic":false}